date,brand,model,retailer,price,list_price,source,data_quality
2026-07-04,Kegco,K309B-1,Kegco.com,914.55,961,https://kegco.com/search?q=K309B-1,confirmed
2026-07-04,Kegco,K309SS-2,Kegco.com,1015.35,1066.99,https://kegco.com/search?q=K309SS-2,confirmed
2026-07-04,Kegco,K309B-2,Kegco.com,1004.85,1055.99,https://kegco.com/search?q=K309B-2,confirmed
2026-07-04,Kegco,HK38SSU-2,Kegco.com,1822.01,1913,https://kegco.com/search?q=HK38SSU-2,confirmed
2026-07-04,Kegco,K309SS-2,Home Depot,668.76,,https://www.homedepot.com/s/K309SS-2,confirmed
2026-07-04,Kegco,K309B-2,Home Depot,828.14,,https://www.homedepot.com/s/K309B-2,confirmed
2026-07-04,Kegco,K309B-1,Home Depot,843.99,,https://www.homedepot.com/s/K309B-1,confirmed
2026-07-04,Kegco,K309X-1,Home Depot,879,,https://www.homedepot.com/s/K309X-1,confirmed
2026-07-04,Kegco,K209SS-1,Home Depot,758.84,,https://www.homedepot.com/s/K209SS-1,confirmed
2026-07-04,Kegco,HBK209S-2,Home Depot,848.35,,https://www.homedepot.com/s/HBK209S-2,confirmed
2026-07-04,Kegco,Z163S-2,Home Depot,860.43,,https://www.homedepot.com/s/Z163S-2,confirmed
2026-07-04,Kegco,HK38BSU-2,Home Depot,1534.24,,https://www.homedepot.com/s/HK38BSU-2,confirmed
2026-07-04,Kegco,HK38SSC-L-2,Home Depot,1868.63,,https://www.homedepot.com/s/HK38SSC-L-2,confirmed
2026-07-04,Kegco,HK38BSC-2,Home Depot,1666.55,,https://www.homedepot.com/s/HK38BSC-2,confirmed
2026-07-04,Danby,DKC054A1BSL2DB,Home Depot,649.99,,https://www.homedepot.com/s/DKC054A1BSL2DB,confirmed
2026-07-04,EdgeStar,EFRB150-SS,Home Depot,429,,https://www.homedepot.com/s/EFRB150-SS,confirmed
2026-07-04,EdgeStar,EFRB200,Home Depot,499,,https://www.homedepot.com/s/EFRB200,confirmed
2026-07-04,Summit,SBC683OSTWIN,Home Depot,1909.99,,https://www.homedepot.com/s/SBC683OSTWIN,confirmed
2026-07-04,EdgeStar,KC2000SS,EdgeStar.com,699,,https://www.edgestar.com/search?q=KC2000SS,confirmed
2026-07-04,EdgeStar,KC1000SS,EdgeStar.com,559,,https://www.edgestar.com/search?q=KC1000SS,confirmed
2026-07-04,EdgeStar,BR3002BL,EdgeStar.com,599,,https://www.edgestar.com/search?q=BR3002BL,confirmed
2026-07-04,EdgeStar,BR2001SS,EdgeStar.com,366,,https://www.edgestar.com/search?q=BR2001SS,confirmed
2026-07-04,EdgeStar,BR2001BL,EdgeStar.com,469,,https://www.edgestar.com/search?q=BR2001BL,confirmed
2026-07-04,EdgeStar,BR7001SSOD,EdgeStar.com,472.11,,https://www.edgestar.com/search?q=BR7001SSOD,confirmed
2026-07-29,Danby,DKC054A1BSL2DB,Shop Appliances,749.99,,https://www.shopappliances.com/products/danby-dkc054a1bsl2db,confirmed
2026-07-29,EdgeStar,BR2001BL,Bath4All,469,,https://bath4all.com/products/edgestar-br2001bl-20-inch-wide-ultra-low-temp-refrigerator-for-kegerator-conversion-black,confirmed
2026-07-29,EdgeStar,BR2001SS,Bath4All,499,,https://bath4all.com/products/edgestar-br2001ss-20-inch-wide-ultra-low-temp-refrigerator-for-kegerator-conversion,confirmed
2026-07-29,EdgeStar,BR3002BL,Bath4All,599,,https://bath4all.com/products/edgestar-br3002bl-24-inch-wide-kegerator-conversion-refrigerator-for-full-size-kegs-black,confirmed
2026-07-29,EdgeStar,BR7001SSOD,Bath4All,1739,,https://bath4all.com/products/edgestar-br7001ssod-24-inch-wide-outdoor-kegerator-conversion-refrigerator,confirmed
2026-07-29,EdgeStar,KC1000SS,Bath4All,559,,https://bath4all.com/products/edgestar-kc1000ss-18-inch-wide-kegerator,confirmed
2026-07-29,Kegco,HBK209S-2,BeverageFactory.com,879.75,,https://www.beveragefactory.com/draftbeer/kegerators/home-brew/hbk209s-2.html,confirmed
2026-07-29,Kegco,HK38BSC-2,BeverageFactory.com,1739.5,,https://www.beveragefactory.com/draftbeer/kegerators/commercial/kegco-hk38bsc-2-dual-faucet-digital-commercial-undercounter-kegerator.html,confirmed
2026-07-29,Kegco,HK38BSU-2,BeverageFactory.com,1649.75,,https://www.beveragefactory.com/draftbeer/kegerators/dualkegerator/kegco-HK38BSU-2-dual-faucet-digital-undercounter-kegerator.html,confirmed
2026-07-29,Kegco,HK38SSC-L-2,BeverageFactory.com,1789,,https://www.beveragefactory.com/draftbeer/kegerators/commercial/kegco-hk38ssc-l-2-dual-faucet-digital-commercial-outdoor-kegerator.html,confirmed
2026-07-29,Kegco,HK38SSU-2,Kegco.com,1822.01,1913,https://kegco.com/products/24-wide-dual-tap-all-stainless-steel-outdoor-builtin-right-hinge-kegerator-with-kit,confirmed
2026-07-29,Kegco,K209SS-1,BeverageFactory.com,819.2,,https://www.beveragefactory.com/draftbeer/kegerators/kegco_k209ss-1_kegerator.html,confirmed
2026-07-29,Kegco,K309B-1,BeverageFactory.com,898.9,,https://www.beveragefactory.com/draftbeer/kegerators/kegco_k309b-1_digital_kegerator.html,confirmed
2026-07-29,Kegco,K309B-1,Kegco.com,914.55,961,https://kegco.com/products/24-wide-single-tap-black-digital-kegerator,confirmed
2026-07-29,Kegco,K309B-2,BeverageFactory.com,929.9,,https://www.beveragefactory.com/draftbeer/kegerators/dualkegerator/kegco_k309b-2_dual_faucet_kegerator.html,confirmed
2026-07-29,Kegco,K309B-2,Kegco.com,1004.85,1055.99,https://kegco.com/products/24-wide-dual-tap-black-digital-kegerator,confirmed
2026-07-29,Kegco,K309SS-2,BeverageFactory.com,849,,https://www.beveragefactory.com/draftbeer/kegerators/dualkegerator/kegco_k309ss-2_dual_faucet_kegerator.html,confirmed
2026-07-29,Kegco,K309SS-2,Kegco.com,869.71,1066.99,https://kegco.com/products/24-wide-dual-tap-stainless-steel-digital-kegerator,confirmed
2026-07-29,Kegco,K309X-1,BeverageFactory.com,947,,https://www.beveragefactory.com/draftbeer/kegerators/kegco-k309x-1-digital-kegerator.html,confirmed
2026-07-29,Kegco,Z163S-2,BeverageFactory.com,855.46,,https://www.beveragefactory.com/draftbeer/kegerators/kegco-z163s-2-commercial-grade-digital-kegerator.html,confirmed
2026-07-29,Summit,SBC683OSTWIN,AJ Madison,2049,,https://www.ajmadison.com/cgi-bin/ajmadison/SBC683OSTWIN.html,confirmed
2026-07-29,EdgeStar,KC7000SSOD,Bath4All,2238.48,,https://bath4all.com/products/edgestar-kc7000ssod-24-inch-wide-outdoor-kegerator-for-full-size-kegs,confirmed
2026-07-29,Kegco,K309SS-1,BeverageFactory.com,819,,https://www.beveragefactory.com/draftbeer/kegerators/kegco_k309ss-1_digital_kegerator.html,confirmed
2026-07-29,Kegco,K309X-2,BeverageFactory.com,998,,https://www.beveragefactory.com/draftbeer/kegerators/dualkegerator/kegco-k309x-2-dual-faucet-kegerator.html,confirmed
2026-07-30,Danby,DKC054A1BSL2DB,Shop Appliances,749.99,,https://www.shopappliances.com/products/danby-dkc054a1bsl2db,confirmed
2026-07-30,EdgeStar,BR2001BL,Bath4All,469,,https://bath4all.com/products/edgestar-br2001bl-20-inch-wide-ultra-low-temp-refrigerator-for-kegerator-conversion-black,confirmed
2026-07-30,EdgeStar,BR2001SS,Bath4All,499,,https://bath4all.com/products/edgestar-br2001ss-20-inch-wide-ultra-low-temp-refrigerator-for-kegerator-conversion,confirmed
2026-07-30,EdgeStar,BR3002BL,Bath4All,599,,https://bath4all.com/products/edgestar-br3002bl-24-inch-wide-kegerator-conversion-refrigerator-for-full-size-kegs-black,confirmed
2026-07-30,EdgeStar,BR7001SSOD,Bath4All,1739,,https://bath4all.com/products/edgestar-br7001ssod-24-inch-wide-outdoor-kegerator-conversion-refrigerator,confirmed
2026-07-30,EdgeStar,KC1000SS,Bath4All,559,,https://bath4all.com/products/edgestar-kc1000ss-18-inch-wide-kegerator,confirmed
2026-07-30,EdgeStar,KC7000SSOD,Bath4All,2238.48,,https://bath4all.com/products/edgestar-kc7000ssod-24-inch-wide-outdoor-kegerator-for-full-size-kegs,confirmed
2026-07-30,Kegco,HBK209S-2,BeverageFactory.com,879.75,,https://www.beveragefactory.com/draftbeer/kegerators/home-brew/hbk209s-2.html,confirmed
2026-07-30,Kegco,HK38BSC-2,BeverageFactory.com,1739.5,,https://www.beveragefactory.com/draftbeer/kegerators/commercial/kegco-hk38bsc-2-dual-faucet-digital-commercial-undercounter-kegerator.html,confirmed
2026-07-30,Kegco,HK38BSU-2,BeverageFactory.com,1649.75,,https://www.beveragefactory.com/draftbeer/kegerators/dualkegerator/kegco-HK38BSU-2-dual-faucet-digital-undercounter-kegerator.html,confirmed
2026-07-30,Kegco,HK38SSC-L-2,BeverageFactory.com,1789,,https://www.beveragefactory.com/draftbeer/kegerators/commercial/kegco-hk38ssc-l-2-dual-faucet-digital-commercial-outdoor-kegerator.html,confirmed
2026-07-30,Kegco,HK38SSU-2,Kegco.com,1843.01,1913,https://kegco.com/products/24-wide-dual-tap-all-stainless-steel-outdoor-builtin-right-hinge-kegerator-with-kit,confirmed
2026-07-30,Kegco,K209SS-1,BeverageFactory.com,819.2,,https://www.beveragefactory.com/draftbeer/kegerators/kegco_k209ss-1_kegerator.html,confirmed
2026-07-30,Kegco,K309B-1,BeverageFactory.com,898.9,,https://www.beveragefactory.com/draftbeer/kegerators/kegco_k309b-1_digital_kegerator.html,confirmed
2026-07-30,Kegco,K309B-1,Kegco.com,933.45,961,https://kegco.com/products/24-wide-single-tap-black-digital-kegerator,confirmed
2026-07-30,Kegco,K309B-2,BeverageFactory.com,929.9,,https://www.beveragefactory.com/draftbeer/kegerators/dualkegerator/kegco_k309b-2_dual_faucet_kegerator.html,confirmed
2026-07-30,Kegco,K309B-2,Kegco.com,1025.85,1055.99,https://kegco.com/products/24-wide-dual-tap-black-digital-kegerator,confirmed
2026-07-30,Kegco,K309SS-1,BeverageFactory.com,819,,https://www.beveragefactory.com/draftbeer/kegerators/kegco_k309ss-1_digital_kegerator.html,confirmed
2026-07-30,Kegco,K309SS-2,BeverageFactory.com,849,,https://www.beveragefactory.com/draftbeer/kegerators/dualkegerator/kegco_k309ss-2_dual_faucet_kegerator.html,confirmed
2026-07-30,Kegco,K309SS-2,Kegco.com,890.71,1066.99,https://kegco.com/products/24-wide-dual-tap-stainless-steel-digital-kegerator,confirmed
2026-07-30,Kegco,K309X-1,BeverageFactory.com,947,,https://www.beveragefactory.com/draftbeer/kegerators/kegco-k309x-1-digital-kegerator.html,confirmed
2026-07-30,Kegco,K309X-2,BeverageFactory.com,998,,https://www.beveragefactory.com/draftbeer/kegerators/dualkegerator/kegco-k309x-2-dual-faucet-kegerator.html,confirmed
2026-07-30,Kegco,Z163S-2,BeverageFactory.com,855.46,,https://www.beveragefactory.com/draftbeer/kegerators/kegco-z163s-2-commercial-grade-digital-kegerator.html,confirmed
2026-07-30,Summit,SBC683OSTWIN,AJ Madison,2049,,https://www.ajmadison.com/cgi-bin/ajmadison/SBC683OSTWIN.html,confirmed
2026-07-31,Danby,DKC054A1BSL2DB,Shop Appliances,749.99,,https://www.shopappliances.com/products/danby-dkc054a1bsl2db,confirmed
2026-07-31,EdgeStar,BR2001BL,Bath4All,469,,https://bath4all.com/products/edgestar-br2001bl-20-inch-wide-ultra-low-temp-refrigerator-for-kegerator-conversion-black,confirmed
2026-07-31,EdgeStar,BR2001SS,Bath4All,499,,https://bath4all.com/products/edgestar-br2001ss-20-inch-wide-ultra-low-temp-refrigerator-for-kegerator-conversion,confirmed
2026-07-31,EdgeStar,BR3002BL,Bath4All,599,,https://bath4all.com/products/edgestar-br3002bl-24-inch-wide-kegerator-conversion-refrigerator-for-full-size-kegs-black,confirmed
2026-07-31,EdgeStar,BR7001SSOD,Bath4All,1739,,https://bath4all.com/products/edgestar-br7001ssod-24-inch-wide-outdoor-kegerator-conversion-refrigerator,confirmed
2026-07-31,EdgeStar,KC1000SS,Bath4All,559,,https://bath4all.com/products/edgestar-kc1000ss-18-inch-wide-kegerator,confirmed
2026-07-31,EdgeStar,KC7000SSOD,Bath4All,2238.48,,https://bath4all.com/products/edgestar-kc7000ssod-24-inch-wide-outdoor-kegerator-for-full-size-kegs,confirmed
2026-07-31,Kegco,HBK209S-2,BeverageFactory.com,879.75,,https://www.beveragefactory.com/draftbeer/kegerators/home-brew/hbk209s-2.html,confirmed
2026-07-31,Kegco,HK38BSC-2,BeverageFactory.com,1739.5,,https://www.beveragefactory.com/draftbeer/kegerators/commercial/kegco-hk38bsc-2-dual-faucet-digital-commercial-undercounter-kegerator.html,confirmed
2026-07-31,Kegco,HK38BSU-2,BeverageFactory.com,1649.75,,https://www.beveragefactory.com/draftbeer/kegerators/dualkegerator/kegco-HK38BSU-2-dual-faucet-digital-undercounter-kegerator.html,confirmed
2026-07-31,Kegco,HK38SSC-L-2,BeverageFactory.com,1789,,https://www.beveragefactory.com/draftbeer/kegerators/commercial/kegco-hk38ssc-l-2-dual-faucet-digital-commercial-outdoor-kegerator.html,confirmed
2026-07-31,Kegco,HK38SSU-2,Kegco.com,1843.01,1913,https://kegco.com/products/24-wide-dual-tap-all-stainless-steel-outdoor-builtin-right-hinge-kegerator-with-kit,confirmed
2026-07-31,Kegco,K209SS-1,BeverageFactory.com,819.2,,https://www.beveragefactory.com/draftbeer/kegerators/kegco_k209ss-1_kegerator.html,confirmed
2026-07-31,Kegco,K309B-1,BeverageFactory.com,898.9,,https://www.beveragefactory.com/draftbeer/kegerators/kegco_k309b-1_digital_kegerator.html,confirmed
2026-07-31,Kegco,K309B-1,Kegco.com,933.45,961,https://kegco.com/products/24-wide-single-tap-black-digital-kegerator,confirmed
2026-07-31,Kegco,K309B-2,BeverageFactory.com,929.9,,https://www.beveragefactory.com/draftbeer/kegerators/dualkegerator/kegco_k309b-2_dual_faucet_kegerator.html,confirmed
2026-07-31,Kegco,K309B-2,Kegco.com,1025.85,1055.99,https://kegco.com/products/24-wide-dual-tap-black-digital-kegerator,confirmed
2026-07-31,Kegco,K309SS-1,BeverageFactory.com,819,,https://www.beveragefactory.com/draftbeer/kegerators/kegco_k309ss-1_digital_kegerator.html,confirmed
2026-07-31,Kegco,K309SS-2,BeverageFactory.com,849,,https://www.beveragefactory.com/draftbeer/kegerators/dualkegerator/kegco_k309ss-2_dual_faucet_kegerator.html,confirmed
2026-07-31,Kegco,K309SS-2,Kegco.com,890.71,1066.99,https://kegco.com/products/24-wide-dual-tap-stainless-steel-digital-kegerator,confirmed
2026-07-31,Kegco,K309X-1,BeverageFactory.com,947,,https://www.beveragefactory.com/draftbeer/kegerators/kegco-k309x-1-digital-kegerator.html,confirmed
2026-07-31,Kegco,K309X-2,BeverageFactory.com,998,,https://www.beveragefactory.com/draftbeer/kegerators/dualkegerator/kegco-k309x-2-dual-faucet-kegerator.html,confirmed
2026-07-31,Kegco,Z163S-2,BeverageFactory.com,855.46,,https://www.beveragefactory.com/draftbeer/kegerators/kegco-z163s-2-commercial-grade-digital-kegerator.html,confirmed
2026-07-31,Summit,SBC683OSTWIN,AJ Madison,2049,,https://www.ajmadison.com/cgi-bin/ajmadison/SBC683OSTWIN.html,confirmed
2026-08-01,Danby,DKC054A1BSL2DB,Shop Appliances,749.99,,https://www.shopappliances.com/products/danby-dkc054a1bsl2db,confirmed
2026-08-01,EdgeStar,BR2001BL,Bath4All,469,,https://bath4all.com/products/edgestar-br2001bl-20-inch-wide-ultra-low-temp-refrigerator-for-kegerator-conversion-black,confirmed
2026-08-01,EdgeStar,BR2001SS,Bath4All,499,,https://bath4all.com/products/edgestar-br2001ss-20-inch-wide-ultra-low-temp-refrigerator-for-kegerator-conversion,confirmed
2026-08-01,EdgeStar,BR3002BL,Bath4All,599,,https://bath4all.com/products/edgestar-br3002bl-24-inch-wide-kegerator-conversion-refrigerator-for-full-size-kegs-black,confirmed
2026-08-01,EdgeStar,BR7001SSOD,Bath4All,1739,,https://bath4all.com/products/edgestar-br7001ssod-24-inch-wide-outdoor-kegerator-conversion-refrigerator,confirmed
2026-08-01,EdgeStar,KC1000SS,Bath4All,559,,https://bath4all.com/products/edgestar-kc1000ss-18-inch-wide-kegerator,confirmed
2026-08-01,EdgeStar,KC7000SSOD,Bath4All,2238.48,,https://bath4all.com/products/edgestar-kc7000ssod-24-inch-wide-outdoor-kegerator-for-full-size-kegs,confirmed
2026-08-01,Kegco,HBK209S-2,BeverageFactory.com,879.75,,https://www.beveragefactory.com/draftbeer/kegerators/home-brew/hbk209s-2.html,confirmed
2026-08-01,Kegco,HK38BSC-2,BeverageFactory.com,1739.5,,https://www.beveragefactory.com/draftbeer/kegerators/commercial/kegco-hk38bsc-2-dual-faucet-digital-commercial-undercounter-kegerator.html,confirmed
2026-08-01,Kegco,HK38BSU-2,BeverageFactory.com,1649.75,,https://www.beveragefactory.com/draftbeer/kegerators/dualkegerator/kegco-HK38BSU-2-dual-faucet-digital-undercounter-kegerator.html,confirmed
2026-08-01,Kegco,HK38SSC-L-2,BeverageFactory.com,1789,,https://www.beveragefactory.com/draftbeer/kegerators/commercial/kegco-hk38ssc-l-2-dual-faucet-digital-commercial-outdoor-kegerator.html,confirmed
2026-08-01,Kegco,HK38SSU-2,Kegco.com,1843.01,1913,https://kegco.com/products/24-wide-dual-tap-all-stainless-steel-outdoor-builtin-right-hinge-kegerator-with-kit,confirmed
2026-08-01,Kegco,K209SS-1,BeverageFactory.com,819.2,,https://www.beveragefactory.com/draftbeer/kegerators/kegco_k209ss-1_kegerator.html,confirmed
2026-08-01,Kegco,K309B-1,BeverageFactory.com,898.9,,https://www.beveragefactory.com/draftbeer/kegerators/kegco_k309b-1_digital_kegerator.html,confirmed
2026-08-01,Kegco,K309B-1,Kegco.com,933.45,961,https://kegco.com/products/24-wide-single-tap-black-digital-kegerator,confirmed
2026-08-01,Kegco,K309B-2,BeverageFactory.com,929.9,,https://www.beveragefactory.com/draftbeer/kegerators/dualkegerator/kegco_k309b-2_dual_faucet_kegerator.html,confirmed
2026-08-01,Kegco,K309B-2,Kegco.com,1025.85,1055.99,https://kegco.com/products/24-wide-dual-tap-black-digital-kegerator,confirmed
2026-08-01,Kegco,K309SS-1,BeverageFactory.com,819,,https://www.beveragefactory.com/draftbeer/kegerators/kegco_k309ss-1_digital_kegerator.html,confirmed
2026-08-01,Kegco,K309SS-2,BeverageFactory.com,849,,https://www.beveragefactory.com/draftbeer/kegerators/dualkegerator/kegco_k309ss-2_dual_faucet_kegerator.html,confirmed
2026-08-01,Kegco,K309SS-2,Kegco.com,890.71,1066.99,https://kegco.com/products/24-wide-dual-tap-stainless-steel-digital-kegerator,confirmed
2026-08-01,Kegco,K309X-1,BeverageFactory.com,947,,https://www.beveragefactory.com/draftbeer/kegerators/kegco-k309x-1-digital-kegerator.html,confirmed
2026-08-01,Kegco,K309X-2,BeverageFactory.com,998,,https://www.beveragefactory.com/draftbeer/kegerators/dualkegerator/kegco-k309x-2-dual-faucet-kegerator.html,confirmed
2026-08-01,Kegco,Z163S-2,BeverageFactory.com,855.46,,https://www.beveragefactory.com/draftbeer/kegerators/kegco-z163s-2-commercial-grade-digital-kegerator.html,confirmed
2026-08-01,Summit,SBC683OSTWIN,AJ Madison,2049,,https://www.ajmadison.com/cgi-bin/ajmadison/SBC683OSTWIN.html,confirmed
2026-08-04,Danby,DKC054A1BSL2DB,Shop Appliances,749.99,,https://www.shopappliances.com/products/danby-dkc054a1bsl2db,confirmed
2026-08-04,EdgeStar,BR2001BL,Bath4All,469,,https://bath4all.com/products/edgestar-br2001bl-20-inch-wide-ultra-low-temp-refrigerator-for-kegerator-conversion-black,confirmed
2026-08-04,EdgeStar,BR2001SS,Bath4All,499,,https://bath4all.com/products/edgestar-br2001ss-20-inch-wide-ultra-low-temp-refrigerator-for-kegerator-conversion,confirmed
2026-08-04,EdgeStar,BR3002BL,Bath4All,599,,https://bath4all.com/products/edgestar-br3002bl-24-inch-wide-kegerator-conversion-refrigerator-for-full-size-kegs-black,confirmed
2026-08-04,EdgeStar,BR7001SSOD,Bath4All,1739,,https://bath4all.com/products/edgestar-br7001ssod-24-inch-wide-outdoor-kegerator-conversion-refrigerator,confirmed
2026-08-04,EdgeStar,KC1000SS,Bath4All,559,,https://bath4all.com/products/edgestar-kc1000ss-18-inch-wide-kegerator,confirmed
2026-08-04,EdgeStar,KC7000SSOD,Bath4All,2238.48,,https://bath4all.com/products/edgestar-kc7000ssod-24-inch-wide-outdoor-kegerator-for-full-size-kegs,confirmed
2026-08-04,Kegco,HBK209S-2,BeverageFactory.com,879.75,,https://www.beveragefactory.com/draftbeer/kegerators/home-brew/hbk209s-2.html,confirmed
2026-08-04,Kegco,HK38BSC-2,BeverageFactory.com,1739.5,,https://www.beveragefactory.com/draftbeer/kegerators/commercial/kegco-hk38bsc-2-dual-faucet-digital-commercial-undercounter-kegerator.html,confirmed
2026-08-04,Kegco,HK38BSU-2,BeverageFactory.com,1649.75,,https://www.beveragefactory.com/draftbeer/kegerators/dualkegerator/kegco-HK38BSU-2-dual-faucet-digital-undercounter-kegerator.html,confirmed
2026-08-04,Kegco,HK38SSC-L-2,BeverageFactory.com,1789,,https://www.beveragefactory.com/draftbeer/kegerators/commercial/kegco-hk38ssc-l-2-dual-faucet-digital-commercial-outdoor-kegerator.html,confirmed
2026-08-04,Kegco,HK38SSU-2,Kegco.com,1843.01,1913,https://kegco.com/products/24-wide-dual-tap-all-stainless-steel-outdoor-builtin-right-hinge-kegerator-with-kit,confirmed
2026-08-04,Kegco,K209SS-1,BeverageFactory.com,819.2,,https://www.beveragefactory.com/draftbeer/kegerators/kegco_k209ss-1_kegerator.html,confirmed
2026-08-04,Kegco,K309B-1,BeverageFactory.com,898.9,,https://www.beveragefactory.com/draftbeer/kegerators/kegco_k309b-1_digital_kegerator.html,confirmed
2026-08-04,Kegco,K309B-1,Kegco.com,933.45,961,https://kegco.com/products/24-wide-single-tap-black-digital-kegerator,confirmed
2026-08-04,Kegco,K309B-2,BeverageFactory.com,929.9,,https://www.beveragefactory.com/draftbeer/kegerators/dualkegerator/kegco_k309b-2_dual_faucet_kegerator.html,confirmed
2026-08-04,Kegco,K309B-2,Kegco.com,1025.85,1055.99,https://kegco.com/products/24-wide-dual-tap-black-digital-kegerator,confirmed
2026-08-04,Kegco,K309SS-1,BeverageFactory.com,819,,https://www.beveragefactory.com/draftbeer/kegerators/kegco_k309ss-1_digital_kegerator.html,confirmed
2026-08-04,Kegco,K309SS-2,BeverageFactory.com,849,,https://www.beveragefactory.com/draftbeer/kegerators/dualkegerator/kegco_k309ss-2_dual_faucet_kegerator.html,confirmed
2026-08-04,Kegco,K309SS-2,Kegco.com,890.71,1066.99,https://kegco.com/products/24-wide-dual-tap-stainless-steel-digital-kegerator,confirmed
2026-08-04,Kegco,K309X-1,BeverageFactory.com,947,,https://www.beveragefactory.com/draftbeer/kegerators/kegco-k309x-1-digital-kegerator.html,confirmed
2026-08-04,Kegco,K309X-2,BeverageFactory.com,998,,https://www.beveragefactory.com/draftbeer/kegerators/dualkegerator/kegco-k309x-2-dual-faucet-kegerator.html,confirmed
2026-08-04,Kegco,Z163S-2,BeverageFactory.com,855.46,,https://www.beveragefactory.com/draftbeer/kegerators/kegco-z163s-2-commercial-grade-digital-kegerator.html,confirmed
2026-08-04,Summit,SBC683OSTWIN,AJ Madison,2049,,https://www.ajmadison.com/cgi-bin/ajmadison/SBC683OSTWIN.html,confirmed
